condition_n50;condition_n75;condition_n100;condition_n150;condition_t25;condition_t50;condition_t75;condition_t100;condition_p210;condition_p215;condition_p1515;condition_p2175;set1h1_true;set1h1_false;set1bound_true;set1bound_false;set2h0_true;set2bound_true;set2h1_true;set2bound_false;set3ha1_true;set3ha1c_true;set3ha1_false;set3bound_true;set3bound_false;set4ha2_true;set4ha2_false;set4ha2c_true;set4bound_false;person_file1;person_file2;person_file3;person_file4
condition_1;condition_13;condition_25;condition_37;condition_1;condition_4;condition_7;condition_10;condition_1;condition_2;condition_3;condition_61;condition_1;condition_3;condition_3;condition_1;condition_3;condition_3;condition_1;condition_1;condition_3;condition_1;condition_1;condition_2;condition_1;condition_3;condition_1;condition_1;condition_1;condition_1;condition_21;condition_34;condition_43
condition_2;condition_14;condition_26;condition_38;condition_2;condition_5;condition_8;condition_11;condition_4;condition_5;condition_6;condition_62;condition_4;condition_6;condition_6;condition_4;condition_6;condition_6;condition_4;condition_4;condition_6;condition_4;condition_4;condition_5;condition_4;condition_6;condition_4;condition_4;condition_2;condition_2;condition_22;condition_35;condition_44
condition_3;condition_15;condition_27;condition_39;condition_3;condition_6;condition_9;condition_12;condition_7;condition_8;condition_9;condition_63;condition_7;condition_9;condition_9;condition_7;condition_9;condition_9;condition_7;condition_7;condition_9;condition_7;condition_7;condition_8;condition_7;condition_9;condition_7;condition_7;condition_3;condition_3;condition_23;condition_36;condition_45
condition_4;condition_16;condition_28;condition_40;condition_13;condition_16;condition_19;condition_22;condition_10;condition_11;condition_12;condition_64;condition_10;condition_12;condition_12;condition_10;condition_12;condition_12;condition_10;condition_10;condition_12;condition_10;condition_10;condition_11;condition_10;condition_12;condition_10;condition_10;condition_4;condition_4;condition_24;condition_37;condition_46
condition_5;condition_17;condition_29;condition_41;condition_14;condition_17;condition_20;condition_23;condition_13;condition_14;condition_15;condition_65;condition_13;condition_15;condition_15;condition_13;condition_15;condition_15;condition_13;condition_13;condition_15;condition_13;condition_13;condition_14;condition_13;condition_15;condition_13;condition_13;condition_5;condition_5;condition_25;condition_38;condition_47
condition_6;condition_18;condition_30;condition_42;condition_15;condition_18;condition_21;condition_24;condition_16;condition_17;condition_18;condition_66;condition_16;condition_18;condition_18;condition_16;condition_18;condition_18;condition_16;condition_16;condition_18;condition_16;condition_16;condition_17;condition_16;condition_18;condition_16;condition_16;condition_6;condition_6;condition_26;condition_39;condition_48
condition_7;condition_19;condition_31;condition_43;condition_25;condition_28;condition_31;condition_34;condition_19;condition_20;condition_21;condition_67;condition_19;condition_21;condition_21;condition_19;condition_21;condition_21;condition_19;condition_19;condition_21;condition_19;condition_19;condition_20;condition_19;condition_21;condition_19;condition_19;condition_7;condition_7;condition_27;condition_40;condition_61
condition_8;condition_20;condition_32;condition_44;condition_26;condition_29;condition_32;condition_35;condition_22;condition_23;condition_24;condition_68;condition_22;condition_24;condition_24;condition_22;condition_24;condition_24;condition_22;condition_22;condition_24;condition_22;condition_22;condition_23;condition_22;condition_24;condition_22;condition_22;condition_8;condition_8;condition_28;condition_41;condition_62
condition_9;condition_21;condition_33;condition_45;condition_27;condition_30;condition_33;condition_36;condition_25;condition_26;condition_27;;condition_25;condition_27;condition_27;condition_25;condition_27;condition_27;condition_25;condition_25;condition_27;condition_25;condition_25;condition_26;condition_25;condition_27;condition_25;condition_25;condition_9;condition_9;condition_29;condition_42;condition_63
condition_10;condition_22;condition_34;condition_46;condition_37;condition_40;condition_43;condition_46;condition_28;condition_29;condition_30;;condition_28;condition_30;condition_30;condition_28;condition_30;condition_30;condition_28;condition_28;condition_30;condition_28;condition_28;condition_29;condition_28;condition_30;condition_28;condition_28;condition_10;condition_10;condition_30;;condition_64
condition_11;condition_23;condition_35;condition_47;condition_38;condition_41;condition_44;condition_47;condition_31;condition_32;condition_33;;condition_31;condition_33;condition_33;condition_31;condition_33;condition_33;condition_31;condition_31;condition_33;condition_31;condition_31;condition_32;condition_31;condition_33;condition_31;condition_31;condition_11;condition_11;condition_31;;condition_65
condition_12;condition_24;condition_36;condition_48;condition_39;condition_42;condition_45;condition_48;condition_34;condition_35;condition_36;;condition_34;condition_36;condition_36;condition_34;condition_36;condition_36;condition_34;condition_34;condition_36;condition_34;condition_34;condition_35;condition_34;condition_36;condition_34;condition_34;condition_12;condition_12;condition_32;;condition_66
condition_61;condition_65;;;condition_49;condition_62;condition_63;condition_64;condition_37;condition_38;condition_39;;condition_37;condition_39;condition_39;condition_37;condition_39;condition_39;condition_37;condition_37;condition_39;condition_37;condition_37;condition_38;condition_37;condition_39;condition_37;condition_37;condition_13;condition_13;condition_33;;condition_67
condition_62;condition_66;;;condition_61;condition_66;condition_67;condition_68;condition_40;condition_41;condition_42;;condition_40;condition_42;condition_42;condition_40;condition_42;condition_42;condition_40;condition_40;condition_42;condition_40;condition_40;condition_41;condition_40;condition_42;condition_40;condition_40;condition_14;condition_14;;;condition_68
condition_63;condition_67;;;condition_65;;;;condition_43;condition_44;condition_45;;condition_43;condition_45;condition_45;condition_43;condition_45;condition_45;condition_43;condition_43;condition_45;condition_43;condition_43;condition_44;condition_43;condition_45;condition_43;condition_43;condition_15;condition_15;;;
condition_64;condition_68;;;;;;;condition_46;condition_47;condition_48;;condition_46;condition_48;condition_48;condition_46;condition_48;condition_48;condition_46;condition_46;condition_48;condition_46;condition_46;condition_47;condition_46;condition_48;condition_46;condition_46;condition_16;condition_16;;;
;;;;;;;;;;;;condition_2;;;condition_2;;;condition_2;condition_2;condition_61;;;;condition_3;;condition_2;condition_2;condition_17;condition_17;;;
;;;;;;;;;;;;condition_5;;;condition_5;;;condition_5;condition_5;condition_62;;;;condition_6;;condition_5;condition_5;condition_18;condition_18;;;
;;;;;;;;;;;;condition_8;;;condition_8;;;condition_8;condition_8;condition_63;;;;condition_9;;condition_8;condition_8;condition_19;condition_19;;;
;;;;;;;;;;;;condition_11;;;condition_11;;;condition_11;condition_11;condition_64;;;;condition_12;;condition_11;condition_11;condition_20;condition_20;;;
;;;;;;;;;;;;condition_14;;;condition_14;;;condition_14;condition_14;condition_65;;;;condition_15;;condition_14;condition_14;condition_21;;;;
;;;;;;;;;;;;condition_17;;;condition_17;;;condition_17;condition_17;condition_66;;;;condition_18;;condition_17;condition_17;condition_22;;;;
;;;;;;;;;;;;condition_20;;;condition_20;;;condition_20;condition_20;condition_67;;;;condition_21;;condition_20;condition_20;condition_23;;;;
;;;;;;;;;;;;condition_23;;;condition_23;;;condition_23;condition_23;condition_68;;;;condition_24;;condition_23;condition_23;condition_24;;;;
;;;;;;;;;;;;condition_26;;;condition_26;;;condition_26;condition_26;condition_2;;;;condition_27;;condition_26;condition_26;condition_25;;;;
;;;;;;;;;;;;condition_29;;;condition_29;;;condition_29;condition_29;condition_5;;;;condition_30;;condition_29;condition_29;condition_26;;;;
;;;;;;;;;;;;condition_32;;;condition_32;;;condition_32;condition_32;condition_8;;;;condition_33;;condition_32;condition_32;condition_27;;;;
;;;;;;;;;;;;condition_35;;;condition_35;;;condition_35;condition_35;condition_11;;;;condition_36;;condition_35;condition_35;condition_28;;;;
;;;;;;;;;;;;condition_38;;;condition_38;;;condition_38;condition_38;condition_14;;;;condition_39;;condition_38;condition_38;condition_29;;;;
;;;;;;;;;;;;condition_41;;;condition_41;;;condition_41;condition_41;condition_17;;;;condition_42;;condition_41;condition_41;condition_30;;;;
;;;;;;;;;;;;condition_44;;;condition_44;;;condition_44;condition_44;condition_20;;;;condition_45;;condition_44;condition_44;condition_31;;;;
;;;;;;;;;;;;condition_47;;;condition_47;;;condition_47;condition_47;condition_23;;;;condition_48;;condition_47;condition_47;condition_32;;;;
;;;;;;;;;;;;condition_61;;;condition_61;;;condition_61;condition_61;condition_26;;;;condition_61;;condition_61;condition_61;condition_33;;;;
;;;;;;;;;;;;condition_62;;;condition_62;;;condition_62;condition_62;condition_29;;;;condition_62;;condition_62;condition_62;condition_34;;;;
;;;;;;;;;;;;condition_63;;;condition_63;;;condition_63;condition_63;condition_32;;;;condition_63;;condition_63;condition_63;condition_35;;;;
;;;;;;;;;;;;condition_64;;;condition_64;;;condition_64;condition_64;condition_35;;;;condition_64;;condition_64;condition_64;condition_36;;;;
;;;;;;;;;;;;condition_65;;;condition_65;;;condition_65;condition_65;condition_38;;;;condition_65;;condition_65;condition_65;condition_37;;;;
;;;;;;;;;;;;condition_66;;;condition_66;;;condition_66;condition_66;condition_41;;;;condition_66;;condition_66;condition_66;condition_38;;;;
;;;;;;;;;;;;condition_67;;;condition_67;;;condition_67;condition_67;condition_44;;;;condition_67;;condition_67;condition_67;condition_39;;;;
;;;;;;;;;;;;condition_68;;;condition_68;;;condition_68;condition_68;condition_47;;;;condition_68;;condition_68;condition_68;condition_40;;;;
;;;;;;;;;;;;;;;;;;;;;;;;;;;;condition_41;;;;
;;;;;;;;;;;;;;;;;;;;;;;;;;;;condition_42;;;;
;;;;;;;;;;;;;;;;;;;;;;;;;;;;condition_43;;;;
;;;;;;;;;;;;;;;;;;;;;;;;;;;;condition_44;;;;
;;;;;;;;;;;;;;;;;;;;;;;;;;;;condition_45;;;;
;;;;;;;;;;;;;;;;;;;;;;;;;;;;condition_46;;;;
;;;;;;;;;;;;;;;;;;;;;;;;;;;;condition_47;;;;
;;;;;;;;;;;;;;;;;;;;;;;;;;;;condition_48;;;;
;;;;;;;;;;;;;;;;;;;;;;;;;;;;condition_61;;;;
;;;;;;;;;;;;;;;;;;;;;;;;;;;;condition_62;;;;
;;;;;;;;;;;;;;;;;;;;;;;;;;;;condition_63;;;;
;;;;;;;;;;;;;;;;;;;;;;;;;;;;condition_64;;;;
;;;;;;;;;;;;;;;;;;;;;;;;;;;;condition_65;;;;
;;;;;;;;;;;;;;;;;;;;;;;;;;;;condition_66;;;;
;;;;;;;;;;;;;;;;;;;;;;;;;;;;condition_67;;;;
;;;;;;;;;;;;;;;;;;;;;;;;;;;;condition_68;;;;